freq, avg, max, min
476, 0.000000, 0, 0
477, 0.000000, 0, 0
479, 0.000000, 0, 0
480, 0.000000, 0, 0
