freq, avg, max
521, 0.000000, 0.000000
522, 0.000000, 0.000000
