freq, min_avg, max, min, illegal, max_avg
521, 0.000000, 0, 0, 0, 0.000000
522, 0.000000, 0, 0, 0, 0.000000
