freq, avg, max, min
521, 0.000000, 0, 0
522, 0.000000, 0, 0
