freq, avg, max
475, 0.000000, 0.000000
